,total,efectivo,mantencion,mecanica,electrica,mant_excl,mec_excl,elec_excl,som_excl,demora,r_prog,r_noprg,payload,CAT 797-F,CAT 798-AC,KOM-CHQ,KOM.960E5,Kom.930E-4,Kom.930E-4SE,Kom.930EN,Kom.930ER,Kom.930ER-MT,Kom.980E5,Komatsu AHS,truck_avail
mean,4412624.369272238,2909345.6482479787,204033.22911051213,447554.85579514824,23413.206199460918,58960.580862533694,107810.01886792453,10858.238544474394,176502.30592991915,138323.59973045823,192005.3194070081,143817.36657681942,159417.36850506795,264.58490566037733,0.03234501347708895,3.638814016172507,6.880053908355795,95.911051212938,369.6644204851752,63.95013477088949,239.90296495956872,0.0,141.76819407008085,39.4177897574124,0.7667875638281784
std,79972.67910507107,167319.12342092607,67703.08332249381,139972.90792863962,22217.768861099707,35000.90923547439,75753.55053533462,16566.559784767145,72068.79965097934,76778.30623937999,52972.13229659194,90547.72871377318,12869.962563811692,42.980115776371896,0.8810677178572228,10.85887897403092,8.948369282590141,0.44102900785295013,17.52474405282858,21.28836633333817,0.7938813560019459,0.0,4.64213661601489,16.171253095761696,0.03442107396979484
