,total,efectivo,mantencion,mecanica,electrica,mant_excl,mec_excl,elec_excl,som_excl,demora,r_prog,r_noprg,waiting,queued,payload,distance,distance_down,distance_down_level,distance_up,distance_up_level,expected_time,lift_down,lift_down_level,lift_up,lift_up_level,travel_time,CAT 797-F,CAT 798-AC,KOM-CHQ,KOM.960E5,Kom.930E-4,Kom.930E-4SE,Kom.930EN,Kom.930ER,Kom.930ER-MT,Kom.980E5,Komatsu AHS,truck_avail
mean,4459931.3951515155,2910365.6036363635,224580.18181818182,516611.99636363634,24335.61212121212,52044.955151515154,190154.30666666667,10831.060606060606,96186.47272727273,77331.5296969697,188385.73333333334,169103.94303030302,117220.71151515152,56635.4096969697,127013.88918802846,12846324.764848486,3343328.5636363635,2072448.3466666667,3499451.43030303,3813201.1575757577,2053317.8,-306910.72484848485,-49909.04727272727,323759.96484848484,49441.77212121212,2990735.6072727274,285.6678787878788,1.8363636363636364,13.734545454545454,0.9212121212121213,95.89333333333333,393.11757575757576,49.66909090909091,239.85575757575756,0.009696969696969697,143.63757575757575,14.56,0.7500709009709984
std,69312.90492568372,198934.3574729891,67193.68989779457,140277.23623401145,26049.92744785843,34099.58694798914,86090.07187173418,16452.826918582326,83843.73622239256,58989.72365583805,62340.03498831109,144855.12674395638,28865.93695790832,22140.10316725516,10421.16217844049,1053088.7183998998,480332.3879250596,287188.77510838734,503538.7589172602,671931.9535922738,175406.40496835436,111210.96678963202,6872.807634300729,161069.26669588903,6940.639223376777,207786.35312138268,14.855983348382756,6.1694232207976185,17.49011043219206,3.9271087322607356,0.5709527607571236,21.741966353392073,8.347915690834963,1.4705173580690796,0.1968268429850128,1.9222241212270552,21.741287731710134,0.042238437097424496
